id,root,root_pc,quality,is_seventh,symbol,pitch_names,pitch_classes,pcs_tuple
0,C,0,maj,False,C,"['C', 'E', 'G']","[0, 4, 7]","(0, 4, 7)"
1,C,0,min,False,Cm,"['C', 'Eb', 'G']","[0, 3, 7]","(0, 3, 7)"
2,C,0,sus2,False,Csus2,"['C', 'D', 'G']","[0, 2, 7]","(0, 2, 7)"
3,C,0,sus4,False,Csus4,"['C', 'F', 'G']","[0, 5, 7]","(0, 5, 7)"
4,C,0,aug,False,Caug,"['C', 'E', 'G#']","[0, 4, 8]","(0, 4, 8)"
5,C,0,dim,False,Cdim,"['C', 'Eb', 'Gb']","[0, 3, 6]","(0, 3, 6)"
6,C,0,maj7,True,Cmaj7,"['C', 'E', 'G', 'B']","[0, 4, 7, 11]","(0, 4, 7, 11)"
7,C,0,7,True,C7,"['C', 'E', 'G', 'Bb']","[0, 4, 7, 10]","(0, 4, 7, 10)"
8,C,0,min7,True,Cm7,"['C', 'Eb', 'G', 'Bb']","[0, 3, 7, 10]","(0, 3, 7, 10)"
9,C,0,halfdim7,True,Cm7b5,"['C', 'Eb', 'Gb', 'Bb']","[0, 3, 6, 10]","(0, 3, 6, 10)"
10,C,0,dim7,True,Cdim7,"['C', 'Eb', 'Gb', 'Bbb']","[0, 3, 6, 9]","(0, 3, 6, 9)"
11,C,0,it6,False,CIt6,"['Ab', 'C', 'F#']","[8, 0, 6]","(0, 6, 8)"
12,B#,0,maj,False,B#,"['B#', 'D##', 'F##']","[0, 4, 7]","(0, 4, 7)"
13,B#,0,min,False,B#m,"['B#', 'D#', 'F##']","[0, 3, 7]","(0, 3, 7)"
14,B#,0,sus2,False,B#sus2,"['B#', 'C##', 'F##']","[0, 2, 7]","(0, 2, 7)"
15,B#,0,sus4,False,B#sus4,"['B#', 'E#', 'F##']","[0, 5, 7]","(0, 5, 7)"
16,B#,0,aug,False,B#aug,"['B#', 'D##', 'F###']","[0, 4, 8]","(0, 4, 8)"
17,B#,0,dim,False,B#dim,"['B#', 'D#', 'F#']","[0, 3, 6]","(0, 3, 6)"
18,B#,0,maj7,True,B#maj7,"['B#', 'D##', 'F##', 'A##']","[0, 4, 7, 11]","(0, 4, 7, 11)"
19,B#,0,7,True,B#7,"['B#', 'D##', 'F##', 'A#']","[0, 4, 7, 10]","(0, 4, 7, 10)"
20,B#,0,min7,True,B#m7,"['B#', 'D#', 'F##', 'A#']","[0, 3, 7, 10]","(0, 3, 7, 10)"
21,B#,0,halfdim7,True,B#m7b5,"['B#', 'D#', 'F#', 'A#']","[0, 3, 6, 10]","(0, 3, 6, 10)"
22,B#,0,dim7,True,B#dim7,"['B#', 'D#', 'F#', 'A']","[0, 3, 6, 9]","(0, 3, 6, 9)"
23,B#,0,it6,False,B#It6,"['G#', 'B#', 'E##']","[8, 0, 6]","(0, 6, 8)"
24,C#,1,maj,False,C#,"['C#', 'E#', 'G#']","[1, 5, 8]","(1, 5, 8)"
25,C#,1,min,False,C#m,"['C#', 'E', 'G#']","[1, 4, 8]","(1, 4, 8)"
26,C#,1,sus2,False,C#sus2,"['C#', 'D#', 'G#']","[1, 3, 8]","(1, 3, 8)"
27,C#,1,sus4,False,C#sus4,"['C#', 'F#', 'G#']","[1, 6, 8]","(1, 6, 8)"
28,C#,1,aug,False,C#aug,"['C#', 'E#', 'G##']","[1, 5, 9]","(1, 5, 9)"
29,C#,1,dim,False,C#dim,"['C#', 'E', 'G']","[1, 4, 7]","(1, 4, 7)"
30,C#,1,maj7,True,C#maj7,"['C#', 'E#', 'G#', 'B#']","[1, 5, 8, 0]","(0, 1, 5, 8)"
31,C#,1,7,True,C#7,"['C#', 'E#', 'G#', 'B']","[1, 5, 8, 11]","(1, 5, 8, 11)"
32,C#,1,min7,True,C#m7,"['C#', 'E', 'G#', 'B']","[1, 4, 8, 11]","(1, 4, 8, 11)"
33,C#,1,halfdim7,True,C#m7b5,"['C#', 'E', 'G', 'B']","[1, 4, 7, 11]","(1, 4, 7, 11)"
34,C#,1,dim7,True,C#dim7,"['C#', 'E', 'G', 'Bb']","[1, 4, 7, 10]","(1, 4, 7, 10)"
35,C#,1,it6,False,C#It6,"['A', 'C#', 'F##']","[9, 1, 7]","(1, 7, 9)"
36,Db,1,maj,False,Db,"['Db', 'F', 'Ab']","[1, 5, 8]","(1, 5, 8)"
37,Db,1,min,False,Dbm,"['Db', 'Fb', 'Ab']","[1, 4, 8]","(1, 4, 8)"
38,Db,1,sus2,False,Dbsus2,"['Db', 'Eb', 'Ab']","[1, 3, 8]","(1, 3, 8)"
39,Db,1,sus4,False,Dbsus4,"['Db', 'Gb', 'Ab']","[1, 6, 8]","(1, 6, 8)"
40,Db,1,aug,False,Dbaug,"['Db', 'F', 'A']","[1, 5, 9]","(1, 5, 9)"
41,Db,1,dim,False,Dbdim,"['Db', 'Fb', 'Abb']","[1, 4, 7]","(1, 4, 7)"
42,Db,1,maj7,True,Dbmaj7,"['Db', 'F', 'Ab', 'C']","[1, 5, 8, 0]","(0, 1, 5, 8)"
43,Db,1,7,True,Db7,"['Db', 'F', 'Ab', 'Cb']","[1, 5, 8, 11]","(1, 5, 8, 11)"
44,Db,1,min7,True,Dbm7,"['Db', 'Fb', 'Ab', 'Cb']","[1, 4, 8, 11]","(1, 4, 8, 11)"
45,Db,1,halfdim7,True,Dbm7b5,"['Db', 'Fb', 'Abb', 'Cb']","[1, 4, 7, 11]","(1, 4, 7, 11)"
46,Db,1,dim7,True,Dbdim7,"['Db', 'Fb', 'Abb', 'Cbb']","[1, 4, 7, 10]","(1, 4, 7, 10)"
47,Db,1,it6,False,DbIt6,"['Bbb', 'Db', 'G']","[9, 1, 7]","(1, 7, 9)"
48,D,2,maj,False,D,"['D', 'F#', 'A']","[2, 6, 9]","(2, 6, 9)"
49,D,2,min,False,Dm,"['D', 'F', 'A']","[2, 5, 9]","(2, 5, 9)"
50,D,2,sus2,False,Dsus2,"['D', 'E', 'A']","[2, 4, 9]","(2, 4, 9)"
51,D,2,sus4,False,Dsus4,"['D', 'G', 'A']","[2, 7, 9]","(2, 7, 9)"
52,D,2,aug,False,Daug,"['D', 'F#', 'A#']","[2, 6, 10]","(2, 6, 10)"
53,D,2,dim,False,Ddim,"['D', 'F', 'Ab']","[2, 5, 8]","(2, 5, 8)"
54,D,2,maj7,True,Dmaj7,"['D', 'F#', 'A', 'C#']","[2, 6, 9, 1]","(1, 2, 6, 9)"
55,D,2,7,True,D7,"['D', 'F#', 'A', 'C']","[2, 6, 9, 0]","(0, 2, 6, 9)"
56,D,2,min7,True,Dm7,"['D', 'F', 'A', 'C']","[2, 5, 9, 0]","(0, 2, 5, 9)"
57,D,2,halfdim7,True,Dm7b5,"['D', 'F', 'Ab', 'C']","[2, 5, 8, 0]","(0, 2, 5, 8)"
58,D,2,dim7,True,Ddim7,"['D', 'F', 'Ab', 'Cb']","[2, 5, 8, 11]","(2, 5, 8, 11)"
59,D,2,it6,False,DIt6,"['Bb', 'D', 'G#']","[10, 2, 8]","(2, 8, 10)"
60,D#,3,maj,False,D#,"['D#', 'F##', 'A#']","[3, 7, 10]","(3, 7, 10)"
61,D#,3,min,False,D#m,"['D#', 'F#', 'A#']","[3, 6, 10]","(3, 6, 10)"
62,D#,3,sus2,False,D#sus2,"['D#', 'E#', 'A#']","[3, 5, 10]","(3, 5, 10)"
63,D#,3,sus4,False,D#sus4,"['D#', 'G#', 'A#']","[3, 8, 10]","(3, 8, 10)"
64,D#,3,aug,False,D#aug,"['D#', 'F##', 'A##']","[3, 7, 11]","(3, 7, 11)"
65,D#,3,dim,False,D#dim,"['D#', 'F#', 'A']","[3, 6, 9]","(3, 6, 9)"
66,D#,3,maj7,True,D#maj7,"['D#', 'F##', 'A#', 'C##']","[3, 7, 10, 2]","(2, 3, 7, 10)"
67,D#,3,7,True,D#7,"['D#', 'F##', 'A#', 'C#']","[3, 7, 10, 1]","(1, 3, 7, 10)"
68,D#,3,min7,True,D#m7,"['D#', 'F#', 'A#', 'C#']","[3, 6, 10, 1]","(1, 3, 6, 10)"
69,D#,3,halfdim7,True,D#m7b5,"['D#', 'F#', 'A', 'C#']","[3, 6, 9, 1]","(1, 3, 6, 9)"
70,D#,3,dim7,True,D#dim7,"['D#', 'F#', 'A', 'C']","[3, 6, 9, 0]","(0, 3, 6, 9)"
71,D#,3,it6,False,D#It6,"['B', 'D#', 'G##']","[11, 3, 9]","(3, 9, 11)"
72,Eb,3,maj,False,Eb,"['Eb', 'G', 'Bb']","[3, 7, 10]","(3, 7, 10)"
73,Eb,3,min,False,Ebm,"['Eb', 'Gb', 'Bb']","[3, 6, 10]","(3, 6, 10)"
74,Eb,3,sus2,False,Ebsus2,"['Eb', 'F', 'Bb']","[3, 5, 10]","(3, 5, 10)"
75,Eb,3,sus4,False,Ebsus4,"['Eb', 'Ab', 'Bb']","[3, 8, 10]","(3, 8, 10)"
76,Eb,3,aug,False,Ebaug,"['Eb', 'G', 'B']","[3, 7, 11]","(3, 7, 11)"
77,Eb,3,dim,False,Ebdim,"['Eb', 'Gb', 'Bbb']","[3, 6, 9]","(3, 6, 9)"
78,Eb,3,maj7,True,Ebmaj7,"['Eb', 'G', 'Bb', 'D']","[3, 7, 10, 2]","(2, 3, 7, 10)"
79,Eb,3,7,True,Eb7,"['Eb', 'G', 'Bb', 'Db']","[3, 7, 10, 1]","(1, 3, 7, 10)"
80,Eb,3,min7,True,Ebm7,"['Eb', 'Gb', 'Bb', 'Db']","[3, 6, 10, 1]","(1, 3, 6, 10)"
81,Eb,3,halfdim7,True,Ebm7b5,"['Eb', 'Gb', 'Bbb', 'Db']","[3, 6, 9, 1]","(1, 3, 6, 9)"
82,Eb,3,dim7,True,Ebdim7,"['Eb', 'Gb', 'Bbb', 'Dbb']","[3, 6, 9, 0]","(0, 3, 6, 9)"
83,Eb,3,it6,False,EbIt6,"['Cb', 'Eb', 'A']","[11, 3, 9]","(3, 9, 11)"
84,E,4,maj,False,E,"['E', 'G#', 'B']","[4, 8, 11]","(4, 8, 11)"
85,E,4,min,False,Em,"['E', 'G', 'B']","[4, 7, 11]","(4, 7, 11)"
86,E,4,sus2,False,Esus2,"['E', 'F#', 'B']","[4, 6, 11]","(4, 6, 11)"
87,E,4,sus4,False,Esus4,"['E', 'A', 'B']","[4, 9, 11]","(4, 9, 11)"
88,E,4,aug,False,Eaug,"['E', 'G#', 'B#']","[4, 8, 0]","(0, 4, 8)"
89,E,4,dim,False,Edim,"['E', 'G', 'Bb']","[4, 7, 10]","(4, 7, 10)"
90,E,4,maj7,True,Emaj7,"['E', 'G#', 'B', 'D#']","[4, 8, 11, 3]","(3, 4, 8, 11)"
91,E,4,7,True,E7,"['E', 'G#', 'B', 'D']","[4, 8, 11, 2]","(2, 4, 8, 11)"
92,E,4,min7,True,Em7,"['E', 'G', 'B', 'D']","[4, 7, 11, 2]","(2, 4, 7, 11)"
93,E,4,halfdim7,True,Em7b5,"['E', 'G', 'Bb', 'D']","[4, 7, 10, 2]","(2, 4, 7, 10)"
94,E,4,dim7,True,Edim7,"['E', 'G', 'Bb', 'Db']","[4, 7, 10, 1]","(1, 4, 7, 10)"
95,E,4,it6,False,EIt6,"['C', 'E', 'A#']","[0, 4, 10]","(0, 4, 10)"
96,Fb,4,maj,False,Fb,"['Fb', 'Ab', 'Cb']","[4, 8, 11]","(4, 8, 11)"
97,Fb,4,min,False,Fbm,"['Fb', 'Abb', 'Cb']","[4, 7, 11]","(4, 7, 11)"
98,Fb,4,sus2,False,Fbsus2,"['Fb', 'Gb', 'Cb']","[4, 6, 11]","(4, 6, 11)"
99,Fb,4,sus4,False,Fbsus4,"['Fb', 'Bbb', 'Cb']","[4, 9, 11]","(4, 9, 11)"
100,Fb,4,aug,False,Fbaug,"['Fb', 'Ab', 'C']","[4, 8, 0]","(0, 4, 8)"
101,Fb,4,dim,False,Fbdim,"['Fb', 'Abb', 'Cbb']","[4, 7, 10]","(4, 7, 10)"
102,Fb,4,maj7,True,Fbmaj7,"['Fb', 'Ab', 'Cb', 'Eb']","[4, 8, 11, 3]","(3, 4, 8, 11)"
103,Fb,4,7,True,Fb7,"['Fb', 'Ab', 'Cb', 'Ebb']","[4, 8, 11, 2]","(2, 4, 8, 11)"
104,Fb,4,min7,True,Fbm7,"['Fb', 'Abb', 'Cb', 'Ebb']","[4, 7, 11, 2]","(2, 4, 7, 11)"
105,Fb,4,halfdim7,True,Fbm7b5,"['Fb', 'Abb', 'Cbb', 'Ebb']","[4, 7, 10, 2]","(2, 4, 7, 10)"
106,Fb,4,dim7,True,Fbdim7,"['Fb', 'Abb', 'Cbb', 'Ebbb']","[4, 7, 10, 1]","(1, 4, 7, 10)"
107,Fb,4,it6,False,FbIt6,"['Dbb', 'Fb', 'Bb']","[0, 4, 10]","(0, 4, 10)"
108,F,5,maj,False,F,"['F', 'A', 'C']","[5, 9, 0]","(0, 5, 9)"
109,F,5,min,False,Fm,"['F', 'Ab', 'C']","[5, 8, 0]","(0, 5, 8)"
110,F,5,sus2,False,Fsus2,"['F', 'G', 'C']","[5, 7, 0]","(0, 5, 7)"
111,F,5,sus4,False,Fsus4,"['F', 'Bb', 'C']","[5, 10, 0]","(0, 5, 10)"
112,F,5,aug,False,Faug,"['F', 'A', 'C#']","[5, 9, 1]","(1, 5, 9)"
113,F,5,dim,False,Fdim,"['F', 'Ab', 'Cb']","[5, 8, 11]","(5, 8, 11)"
114,F,5,maj7,True,Fmaj7,"['F', 'A', 'C', 'E']","[5, 9, 0, 4]","(0, 4, 5, 9)"
115,F,5,7,True,F7,"['F', 'A', 'C', 'Eb']","[5, 9, 0, 3]","(0, 3, 5, 9)"
116,F,5,min7,True,Fm7,"['F', 'Ab', 'C', 'Eb']","[5, 8, 0, 3]","(0, 3, 5, 8)"
117,F,5,halfdim7,True,Fm7b5,"['F', 'Ab', 'Cb', 'Eb']","[5, 8, 11, 3]","(3, 5, 8, 11)"
118,F,5,dim7,True,Fdim7,"['F', 'Ab', 'Cb', 'Ebb']","[5, 8, 11, 2]","(2, 5, 8, 11)"
119,F,5,it6,False,FIt6,"['Db', 'F', 'B']","[1, 5, 11]","(1, 5, 11)"
120,E#,5,maj,False,E#,"['E#', 'G##', 'B#']","[5, 9, 0]","(0, 5, 9)"
121,E#,5,min,False,E#m,"['E#', 'G#', 'B#']","[5, 8, 0]","(0, 5, 8)"
122,E#,5,sus2,False,E#sus2,"['E#', 'F##', 'B#']","[5, 7, 0]","(0, 5, 7)"
123,E#,5,sus4,False,E#sus4,"['E#', 'A#', 'B#']","[5, 10, 0]","(0, 5, 10)"
124,E#,5,aug,False,E#aug,"['E#', 'G##', 'B##']","[5, 9, 1]","(1, 5, 9)"
125,E#,5,dim,False,E#dim,"['E#', 'G#', 'B']","[5, 8, 11]","(5, 8, 11)"
126,E#,5,maj7,True,E#maj7,"['E#', 'G##', 'B#', 'D##']","[5, 9, 0, 4]","(0, 4, 5, 9)"
127,E#,5,7,True,E#7,"['E#', 'G##', 'B#', 'D#']","[5, 9, 0, 3]","(0, 3, 5, 9)"
128,E#,5,min7,True,E#m7,"['E#', 'G#', 'B#', 'D#']","[5, 8, 0, 3]","(0, 3, 5, 8)"
129,E#,5,halfdim7,True,E#m7b5,"['E#', 'G#', 'B', 'D#']","[5, 8, 11, 3]","(3, 5, 8, 11)"
130,E#,5,dim7,True,E#dim7,"['E#', 'G#', 'B', 'D']","[5, 8, 11, 2]","(2, 5, 8, 11)"
131,E#,5,it6,False,E#It6,"['C#', 'E#', 'A##']","[1, 5, 11]","(1, 5, 11)"
132,F#,6,maj,False,F#,"['F#', 'A#', 'C#']","[6, 10, 1]","(1, 6, 10)"
133,F#,6,min,False,F#m,"['F#', 'A', 'C#']","[6, 9, 1]","(1, 6, 9)"
134,F#,6,sus2,False,F#sus2,"['F#', 'G#', 'C#']","[6, 8, 1]","(1, 6, 8)"
135,F#,6,sus4,False,F#sus4,"['F#', 'B', 'C#']","[6, 11, 1]","(1, 6, 11)"
136,F#,6,aug,False,F#aug,"['F#', 'A#', 'C##']","[6, 10, 2]","(2, 6, 10)"
137,F#,6,dim,False,F#dim,"['F#', 'A', 'C']","[6, 9, 0]","(0, 6, 9)"
138,F#,6,maj7,True,F#maj7,"['F#', 'A#', 'C#', 'E#']","[6, 10, 1, 5]","(1, 5, 6, 10)"
139,F#,6,7,True,F#7,"['F#', 'A#', 'C#', 'E']","[6, 10, 1, 4]","(1, 4, 6, 10)"
140,F#,6,min7,True,F#m7,"['F#', 'A', 'C#', 'E']","[6, 9, 1, 4]","(1, 4, 6, 9)"
141,F#,6,halfdim7,True,F#m7b5,"['F#', 'A', 'C', 'E']","[6, 9, 0, 4]","(0, 4, 6, 9)"
142,F#,6,dim7,True,F#dim7,"['F#', 'A', 'C', 'Eb']","[6, 9, 0, 3]","(0, 3, 6, 9)"
143,F#,6,it6,False,F#It6,"['D', 'F#', 'B#']","[2, 6, 0]","(0, 2, 6)"
144,Gb,6,maj,False,Gb,"['Gb', 'Bb', 'Db']","[6, 10, 1]","(1, 6, 10)"
145,Gb,6,min,False,Gbm,"['Gb', 'Bbb', 'Db']","[6, 9, 1]","(1, 6, 9)"
146,Gb,6,sus2,False,Gbsus2,"['Gb', 'Ab', 'Db']","[6, 8, 1]","(1, 6, 8)"
147,Gb,6,sus4,False,Gbsus4,"['Gb', 'Cb', 'Db']","[6, 11, 1]","(1, 6, 11)"
148,Gb,6,aug,False,Gbaug,"['Gb', 'Bb', 'D']","[6, 10, 2]","(2, 6, 10)"
149,Gb,6,dim,False,Gbdim,"['Gb', 'Bbb', 'Dbb']","[6, 9, 0]","(0, 6, 9)"
150,Gb,6,maj7,True,Gbmaj7,"['Gb', 'Bb', 'Db', 'F']","[6, 10, 1, 5]","(1, 5, 6, 10)"
151,Gb,6,7,True,Gb7,"['Gb', 'Bb', 'Db', 'Fb']","[6, 10, 1, 4]","(1, 4, 6, 10)"
152,Gb,6,min7,True,Gbm7,"['Gb', 'Bbb', 'Db', 'Fb']","[6, 9, 1, 4]","(1, 4, 6, 9)"
153,Gb,6,halfdim7,True,Gbm7b5,"['Gb', 'Bbb', 'Dbb', 'Fb']","[6, 9, 0, 4]","(0, 4, 6, 9)"
154,Gb,6,dim7,True,Gbdim7,"['Gb', 'Bbb', 'Dbb', 'Fbb']","[6, 9, 0, 3]","(0, 3, 6, 9)"
155,Gb,6,it6,False,GbIt6,"['Ebb', 'Gb', 'C']","[2, 6, 0]","(0, 2, 6)"
156,G,7,maj,False,G,"['G', 'B', 'D']","[7, 11, 2]","(2, 7, 11)"
157,G,7,min,False,Gm,"['G', 'Bb', 'D']","[7, 10, 2]","(2, 7, 10)"
158,G,7,sus2,False,Gsus2,"['G', 'A', 'D']","[7, 9, 2]","(2, 7, 9)"
159,G,7,sus4,False,Gsus4,"['G', 'C', 'D']","[7, 0, 2]","(0, 2, 7)"
160,G,7,aug,False,Gaug,"['G', 'B', 'D#']","[7, 11, 3]","(3, 7, 11)"
161,G,7,dim,False,Gdim,"['G', 'Bb', 'Db']","[7, 10, 1]","(1, 7, 10)"
162,G,7,maj7,True,Gmaj7,"['G', 'B', 'D', 'F#']","[7, 11, 2, 6]","(2, 6, 7, 11)"
163,G,7,7,True,G7,"['G', 'B', 'D', 'F']","[7, 11, 2, 5]","(2, 5, 7, 11)"
164,G,7,min7,True,Gm7,"['G', 'Bb', 'D', 'F']","[7, 10, 2, 5]","(2, 5, 7, 10)"
165,G,7,halfdim7,True,Gm7b5,"['G', 'Bb', 'Db', 'F']","[7, 10, 1, 5]","(1, 5, 7, 10)"
166,G,7,dim7,True,Gdim7,"['G', 'Bb', 'Db', 'Fb']","[7, 10, 1, 4]","(1, 4, 7, 10)"
167,G,7,it6,False,GIt6,"['Eb', 'G', 'C#']","[3, 7, 1]","(1, 3, 7)"
168,G#,8,maj,False,G#,"['G#', 'B#', 'D#']","[8, 0, 3]","(0, 3, 8)"
169,G#,8,min,False,G#m,"['G#', 'B', 'D#']","[8, 11, 3]","(3, 8, 11)"
170,G#,8,sus2,False,G#sus2,"['G#', 'A#', 'D#']","[8, 10, 3]","(3, 8, 10)"
171,G#,8,sus4,False,G#sus4,"['G#', 'C#', 'D#']","[8, 1, 3]","(1, 3, 8)"
172,G#,8,aug,False,G#aug,"['G#', 'B#', 'D##']","[8, 0, 4]","(0, 4, 8)"
173,G#,8,dim,False,G#dim,"['G#', 'B', 'D']","[8, 11, 2]","(2, 8, 11)"
174,G#,8,maj7,True,G#maj7,"['G#', 'B#', 'D#', 'F##']","[8, 0, 3, 7]","(0, 3, 7, 8)"
175,G#,8,7,True,G#7,"['G#', 'B#', 'D#', 'F#']","[8, 0, 3, 6]","(0, 3, 6, 8)"
176,G#,8,min7,True,G#m7,"['G#', 'B', 'D#', 'F#']","[8, 11, 3, 6]","(3, 6, 8, 11)"
177,G#,8,halfdim7,True,G#m7b5,"['G#', 'B', 'D', 'F#']","[8, 11, 2, 6]","(2, 6, 8, 11)"
178,G#,8,dim7,True,G#dim7,"['G#', 'B', 'D', 'F']","[8, 11, 2, 5]","(2, 5, 8, 11)"
179,G#,8,it6,False,G#It6,"['E', 'G#', 'C##']","[4, 8, 2]","(2, 4, 8)"
180,Ab,8,maj,False,Ab,"['Ab', 'C', 'Eb']","[8, 0, 3]","(0, 3, 8)"
181,Ab,8,min,False,Abm,"['Ab', 'Cb', 'Eb']","[8, 11, 3]","(3, 8, 11)"
182,Ab,8,sus2,False,Absus2,"['Ab', 'Bb', 'Eb']","[8, 10, 3]","(3, 8, 10)"
183,Ab,8,sus4,False,Absus4,"['Ab', 'Db', 'Eb']","[8, 1, 3]","(1, 3, 8)"
184,Ab,8,aug,False,Abaug,"['Ab', 'C', 'E']","[8, 0, 4]","(0, 4, 8)"
185,Ab,8,dim,False,Abdim,"['Ab', 'Cb', 'Ebb']","[8, 11, 2]","(2, 8, 11)"
186,Ab,8,maj7,True,Abmaj7,"['Ab', 'C', 'Eb', 'G']","[8, 0, 3, 7]","(0, 3, 7, 8)"
187,Ab,8,7,True,Ab7,"['Ab', 'C', 'Eb', 'Gb']","[8, 0, 3, 6]","(0, 3, 6, 8)"
188,Ab,8,min7,True,Abm7,"['Ab', 'Cb', 'Eb', 'Gb']","[8, 11, 3, 6]","(3, 6, 8, 11)"
189,Ab,8,halfdim7,True,Abm7b5,"['Ab', 'Cb', 'Ebb', 'Gb']","[8, 11, 2, 6]","(2, 6, 8, 11)"
190,Ab,8,dim7,True,Abdim7,"['Ab', 'Cb', 'Ebb', 'Gbb']","[8, 11, 2, 5]","(2, 5, 8, 11)"
191,Ab,8,it6,False,AbIt6,"['Fb', 'Ab', 'D']","[4, 8, 2]","(2, 4, 8)"
192,A,9,maj,False,A,"['A', 'C#', 'E']","[9, 1, 4]","(1, 4, 9)"
193,A,9,min,False,Am,"['A', 'C', 'E']","[9, 0, 4]","(0, 4, 9)"
194,A,9,sus2,False,Asus2,"['A', 'B', 'E']","[9, 11, 4]","(4, 9, 11)"
195,A,9,sus4,False,Asus4,"['A', 'D', 'E']","[9, 2, 4]","(2, 4, 9)"
196,A,9,aug,False,Aaug,"['A', 'C#', 'E#']","[9, 1, 5]","(1, 5, 9)"
197,A,9,dim,False,Adim,"['A', 'C', 'Eb']","[9, 0, 3]","(0, 3, 9)"
198,A,9,maj7,True,Amaj7,"['A', 'C#', 'E', 'G#']","[9, 1, 4, 8]","(1, 4, 8, 9)"
199,A,9,7,True,A7,"['A', 'C#', 'E', 'G']","[9, 1, 4, 7]","(1, 4, 7, 9)"
200,A,9,min7,True,Am7,"['A', 'C', 'E', 'G']","[9, 0, 4, 7]","(0, 4, 7, 9)"
201,A,9,halfdim7,True,Am7b5,"['A', 'C', 'Eb', 'G']","[9, 0, 3, 7]","(0, 3, 7, 9)"
202,A,9,dim7,True,Adim7,"['A', 'C', 'Eb', 'Gb']","[9, 0, 3, 6]","(0, 3, 6, 9)"
203,A,9,it6,False,AIt6,"['F', 'A', 'D#']","[5, 9, 3]","(3, 5, 9)"
204,A#,10,maj,False,A#,"['A#', 'C##', 'E#']","[10, 2, 5]","(2, 5, 10)"
205,A#,10,min,False,A#m,"['A#', 'C#', 'E#']","[10, 1, 5]","(1, 5, 10)"
206,A#,10,sus2,False,A#sus2,"['A#', 'B#', 'E#']","[10, 0, 5]","(0, 5, 10)"
207,A#,10,sus4,False,A#sus4,"['A#', 'D#', 'E#']","[10, 3, 5]","(3, 5, 10)"
208,A#,10,aug,False,A#aug,"['A#', 'C##', 'E##']","[10, 2, 6]","(2, 6, 10)"
209,A#,10,dim,False,A#dim,"['A#', 'C#', 'E']","[10, 1, 4]","(1, 4, 10)"
210,A#,10,maj7,True,A#maj7,"['A#', 'C##', 'E#', 'G##']","[10, 2, 5, 9]","(2, 5, 9, 10)"
211,A#,10,7,True,A#7,"['A#', 'C##', 'E#', 'G#']","[10, 2, 5, 8]","(2, 5, 8, 10)"
212,A#,10,min7,True,A#m7,"['A#', 'C#', 'E#', 'G#']","[10, 1, 5, 8]","(1, 5, 8, 10)"
213,A#,10,halfdim7,True,A#m7b5,"['A#', 'C#', 'E', 'G#']","[10, 1, 4, 8]","(1, 4, 8, 10)"
214,A#,10,dim7,True,A#dim7,"['A#', 'C#', 'E', 'G']","[10, 1, 4, 7]","(1, 4, 7, 10)"
215,A#,10,it6,False,A#It6,"['F#', 'A#', 'D##']","[6, 10, 4]","(4, 6, 10)"
216,Bb,10,maj,False,Bb,"['Bb', 'D', 'F']","[10, 2, 5]","(2, 5, 10)"
217,Bb,10,min,False,Bbm,"['Bb', 'Db', 'F']","[10, 1, 5]","(1, 5, 10)"
218,Bb,10,sus2,False,Bbsus2,"['Bb', 'C', 'F']","[10, 0, 5]","(0, 5, 10)"
219,Bb,10,sus4,False,Bbsus4,"['Bb', 'Eb', 'F']","[10, 3, 5]","(3, 5, 10)"
220,Bb,10,aug,False,Bbaug,"['Bb', 'D', 'F#']","[10, 2, 6]","(2, 6, 10)"
221,Bb,10,dim,False,Bbdim,"['Bb', 'Db', 'Fb']","[10, 1, 4]","(1, 4, 10)"
222,Bb,10,maj7,True,Bbmaj7,"['Bb', 'D', 'F', 'A']","[10, 2, 5, 9]","(2, 5, 9, 10)"
223,Bb,10,7,True,Bb7,"['Bb', 'D', 'F', 'Ab']","[10, 2, 5, 8]","(2, 5, 8, 10)"
224,Bb,10,min7,True,Bbm7,"['Bb', 'Db', 'F', 'Ab']","[10, 1, 5, 8]","(1, 5, 8, 10)"
225,Bb,10,halfdim7,True,Bbm7b5,"['Bb', 'Db', 'Fb', 'Ab']","[10, 1, 4, 8]","(1, 4, 8, 10)"
226,Bb,10,dim7,True,Bbdim7,"['Bb', 'Db', 'Fb', 'Abb']","[10, 1, 4, 7]","(1, 4, 7, 10)"
227,Bb,10,it6,False,BbIt6,"['Gb', 'Bb', 'E']","[6, 10, 4]","(4, 6, 10)"
228,B,11,maj,False,B,"['B', 'D#', 'F#']","[11, 3, 6]","(3, 6, 11)"
229,B,11,min,False,Bm,"['B', 'D', 'F#']","[11, 2, 6]","(2, 6, 11)"
230,B,11,sus2,False,Bsus2,"['B', 'C#', 'F#']","[11, 1, 6]","(1, 6, 11)"
231,B,11,sus4,False,Bsus4,"['B', 'E', 'F#']","[11, 4, 6]","(4, 6, 11)"
232,B,11,aug,False,Baug,"['B', 'D#', 'F##']","[11, 3, 7]","(3, 7, 11)"
233,B,11,dim,False,Bdim,"['B', 'D', 'F']","[11, 2, 5]","(2, 5, 11)"
234,B,11,maj7,True,Bmaj7,"['B', 'D#', 'F#', 'A#']","[11, 3, 6, 10]","(3, 6, 10, 11)"
235,B,11,7,True,B7,"['B', 'D#', 'F#', 'A']","[11, 3, 6, 9]","(3, 6, 9, 11)"
236,B,11,min7,True,Bm7,"['B', 'D', 'F#', 'A']","[11, 2, 6, 9]","(2, 6, 9, 11)"
237,B,11,halfdim7,True,Bm7b5,"['B', 'D', 'F', 'A']","[11, 2, 5, 9]","(2, 5, 9, 11)"
238,B,11,dim7,True,Bdim7,"['B', 'D', 'F', 'Ab']","[11, 2, 5, 8]","(2, 5, 8, 11)"
239,B,11,it6,False,BIt6,"['G', 'B', 'E#']","[7, 11, 5]","(5, 7, 11)"
240,Cb,11,maj,False,Cb,"['Cb', 'Eb', 'Gb']","[11, 3, 6]","(3, 6, 11)"
241,Cb,11,min,False,Cbm,"['Cb', 'Ebb', 'Gb']","[11, 2, 6]","(2, 6, 11)"
242,Cb,11,sus2,False,Cbsus2,"['Cb', 'Db', 'Gb']","[11, 1, 6]","(1, 6, 11)"
243,Cb,11,sus4,False,Cbsus4,"['Cb', 'Fb', 'Gb']","[11, 4, 6]","(4, 6, 11)"
244,Cb,11,aug,False,Cbaug,"['Cb', 'Eb', 'G']","[11, 3, 7]","(3, 7, 11)"
245,Cb,11,dim,False,Cbdim,"['Cb', 'Ebb', 'Gbb']","[11, 2, 5]","(2, 5, 11)"
246,Cb,11,maj7,True,Cbmaj7,"['Cb', 'Eb', 'Gb', 'Bb']","[11, 3, 6, 10]","(3, 6, 10, 11)"
247,Cb,11,7,True,Cb7,"['Cb', 'Eb', 'Gb', 'Bbb']","[11, 3, 6, 9]","(3, 6, 9, 11)"
248,Cb,11,min7,True,Cbm7,"['Cb', 'Ebb', 'Gb', 'Bbb']","[11, 2, 6, 9]","(2, 6, 9, 11)"
249,Cb,11,halfdim7,True,Cbm7b5,"['Cb', 'Ebb', 'Gbb', 'Bbb']","[11, 2, 5, 9]","(2, 5, 9, 11)"
250,Cb,11,dim7,True,Cbdim7,"['Cb', 'Ebb', 'Gbb', 'Bbbb']","[11, 2, 5, 8]","(2, 5, 8, 11)"
251,Cb,11,it6,False,CbIt6,"['Abb', 'Cb', 'F']","[7, 11, 5]","(5, 7, 11)"
